{
  "algorithm": "DDPG",
  "timestamp": "20251130_054358",
  "total_timesteps": 10000,
  "total_time_seconds": 932.2953336238861,
  "total_time_minutes": 15.538255560398103,
  "average_sps": 10,
  "final_avg_reward": 123.18667503356933,
  "final_avg_length": 132.54,
  "total_episodes": 100,
  "all_episode_rewards": [
    164.96875,
    97.0098648071289,
    95.34801483154297,
    234.96482849121094,
    146.01443481445312,
    230.87149047851562,
    88.43032836914062,
    101.6059341430664,
    116.8572006225586,
    87.71271514892578,
    75.08873748779297,
    77.1620864868164,
    94.23150634765625,
    136.68450927734375,
    160.40965270996094,
    91.42943572998047,
    148.8155059814453,
    101.69332122802734,
    115.90824127197266,
    117.99560546875,
    231.57444763183594,
    112.98472595214844,
    80.12411499023438,
    118.23658752441406,
    110.16055297851562,
    180.06582641601562,
    172.83975219726562,
    160.87408447265625,
    78.82752227783203,
    156.95916748046875,
    126.31216430664062,
    135.2422332763672,
    129.45046997070312,
    86.02787017822266,
    145.29808044433594,
    75.72913360595703,
    118.04519653320312,
    93.16558074951172,
    76.83465576171875,
    71.45804595947266,
    144.26527404785156,
    88.77055358886719,
    170.19137573242188,
    110.64122772216797,
    62.86701202392578,
    105.45929718017578,
    127.43543243408203,
    92.07843017578125,
    127.38298797607422,
    99.2536392211914,
    165.27239990234375,
    85.05662536621094,
    177.6016387939453,
    95.99615478515625,
    170.50991821289062,
    141.15956115722656,
    98.0045166015625,
    214.48175048828125,
    96.90546417236328,
    180.85928344726562,
    187.7567901611328,
    85.7423095703125,
    85.70344543457031,
    79.77567291259766,
    82.92105865478516,
    73.80757904052734,
    103.26377868652344,
    86.13398742675781,
    105.26078033447266,
    110.59628295898438,
    143.37574768066406,
    79.97245788574219,
    139.73851013183594,
    129.523193359375,
    102.30184173583984,
    108.6137466430664,
    193.444580078125,
    105.36234283447266,
    119.55902099609375,
    294.9191589355469,
    164.34678649902344,
    144.26002502441406,
    68.33186340332031,
    130.0870361328125,
    78.78948211669922,
    102.09844207763672,
    85.42549896240234,
    74.379150390625,
    100.11650085449219,
    117.83267974853516,
    102.21629333496094,
    99.12890625,
    122.42402648925781,
    214.73390197753906,
    136.43374633789062,
    105.46940612792969,
    182.18116760253906,
    109.18620300292969,
    130.5198211669922,
    135.32936096191406
  ],
  "all_episode_lengths": [
    172.0,
    105.0,
    106.0,
    246.0,
    153.0,
    242.0,
    99.0,
    112.0,
    127.0,
    98.0,
    84.0,
    88.0,
    105.0,
    144.0,
    171.0,
    102.0,
    159.0,
    112.0,
    126.0,
    126.0,
    239.0,
    123.0,
    90.0,
    128.0,
    118.0,
    190.0,
    180.0,
    168.0,
    88.0,
    164.0,
    136.0,
    145.0,
    139.0,
    96.0,
    155.0,
    86.0,
    128.0,
    102.0,
    87.0,
    82.0,
    154.0,
    98.0,
    180.0,
    119.0,
    74.0,
    114.0,
    137.0,
    102.0,
    137.0,
    108.0,
    175.0,
    95.0,
    185.0,
    106.0,
    178.0,
    151.0,
    108.0,
    222.0,
    107.0,
    191.0,
    195.0,
    96.0,
    95.0,
    90.0,
    93.0,
    84.0,
    113.0,
    96.0,
    115.0,
    119.0,
    153.0,
    90.0,
    149.0,
    139.0,
    112.0,
    117.0,
    201.0,
    114.0,
    129.0,
    299.0,
    172.0,
    152.0,
    79.0,
    138.0,
    89.0,
    112.0,
    95.0,
    85.0,
    110.0,
    128.0,
    112.0,
    109.0,
    132.0,
    225.0,
    146.0,
    115.0,
    190.0,
    119.0,
    140.0,
    145.0
  ],
  "hyperparameters": {
    "learning_rate": 0.0003,
    "num_envs": 128,
    "buffer_size": 1000000,
    "gamma": 0.99,
    "tau": 0.005,
    "exploration_noise": 0.1
  }
}