{
  "algorithm": "PPO",
  "timestamp": "20251130_104119",
  "total_timesteps": 50000,
  "total_time_seconds": 33.513187408447266,
  "total_time_minutes": 0.5585531234741211,
  "average_sps": 1466,
  "final_avg_reward": 151.2199609375,
  "final_avg_length": 166.52,
  "total_episodes": 525,
  "all_episode_rewards": [
    -8.051454544067383,
    -7.311351776123047,
    -2.2608933448791504,
    -7.309686183929443,
    -2.391780376434326,
    -6.782945156097412,
    -7.79827356338501,
    -0.6046237945556641,
    -5.0428466796875,
    -7.262371063232422,
    -5.727896213531494,
    -7.887049674987793,
    -1.955329179763794,
    -1.8406977653503418,
    -6.20945930480957,
    -2.97941517829895,
    -6.759334564208984,
    -0.9714446067810059,
    -1.7236566543579102,
    -6.463078022003174,
    -6.367542266845703,
    -7.1486310958862305,
    -8.339677810668945,
    -3.838773488998413,
    3.165803909301758,
    -5.390493392944336,
    -1.0553936958312988,
    -4.879483222961426,
    -2.3972084522247314,
    -9.562041282653809,
    -3.835297107696533,
    -6.05238676071167,
    1.25445556640625,
    -11.064516067504883,
    -9.6717529296875,
    -5.598513603210449,
    0.6796989440917969,
    0.0924520492553711,
    -4.841227054595947,
    -0.6137652397155762,
    -6.750827789306641,
    -0.4099702835083008,
    -10.643977165222168,
    -4.390723705291748,
    3.1376047134399414,
    2.923039436340332,
    6.00866174697876,
    0.8472766876220703,
    -3.448941469192505,
    -2.1892499923706055,
    3.213587760925293,
    -1.862701416015625,
    -2.756397008895874,
    -3.0699844360351562,
    -5.618823051452637,
    -10.0787992477417,
    -5.4765625,
    -2.380679130554199,
    3.4657416343688965,
    3.1547207832336426,
    -1.8834228515625,
    -4.247100353240967,
    -2.8079137802124023,
    1.5733070373535156,
    2.4493584632873535,
    0.34000253677368164,
    2.9747843742370605,
    2.655526638031006,
    4.809163570404053,
    -1.7977735996246338,
    1.620546817779541,
    -3.2180287837982178,
    2.0591931343078613,
    1.8830342292785645,
    -6.072458267211914,
    4.595301628112793,
    -3.4437272548675537,
    -1.6917705535888672,
    3.027106761932373,
    -4.004683971405029,
    8.103775024414062,
    -4.39156436920166,
    -3.147167205810547,
    -4.349984169006348,
    2.0257649421691895,
    -3.6062934398651123,
    -4.618313312530518,
    4.28944206237793,
    -3.5682315826416016,
    -6.222176551818848,
    3.4091267585754395,
    7.785404205322266,
    1.86358642578125,
    6.73077392578125,
    4.338836193084717,
    1.8077507019042969,
    2.457946300506592,
    2.9734697341918945,
    -3.4159250259399414,
    -6.380093574523926,
    10.840813636779785,
    2.5410208702087402,
    9.478645324707031,
    -7.662480354309082,
    6.292739391326904,
    -5.597296237945557,
    -1.8842897415161133,
    9.917533874511719,
    7.635789394378662,
    -5.258708953857422,
    1.9970049858093262,
    -8.576223373413086,
    10.573973655700684,
    -3.4011549949645996,
    -8.102107048034668,
    13.797783851623535,
    -7.675617218017578,
    -7.576120853424072,
    11.587560653686523,
    3.3867459297180176,
    23.68129539489746,
    8.557397842407227,
    8.302295684814453,
    3.238563060760498,
    -8.876935005187988,
    -2.0179595947265625,
    6.964202880859375,
    1.454378604888916,
    11.917695999145508,
    -2.4899303913116455,
    10.759561538696289,
    -5.334504127502441,
    8.837495803833008,
    10.232826232910156,
    -6.617274761199951,
    0.23187685012817383,
    -12.634733200073242,
    -0.6192831993103027,
    -3.54659366607666,
    -2.2385706901550293,
    0.8646836280822754,
    -1.3807716369628906,
    -2.7364063262939453,
    2.7676033973693848,
    5.519482135772705,
    -3.8230772018432617,
    3.5537075996398926,
    1.8283815383911133,
    0.5099372863769531,
    -2.697087526321411,
    16.025423049926758,
    25.65157127380371,
    3.0037484169006348,
    1.4357857704162598,
    -6.92807674407959,
    8.38790512084961,
    11.078953742980957,
    -2.3794617652893066,
    7.994956970214844,
    -1.7199516296386719,
    34.716739654541016,
    18.229707717895508,
    15.096244812011719,
    25.11391258239746,
    -4.8654937744140625,
    3.395437717437744,
    -0.5899324417114258,
    2.6360321044921875,
    32.60244369506836,
    -5.786128997802734,
    6.426636695861816,
    13.205604553222656,
    2.445281505584717,
    34.150508880615234,
    -1.1098251342773438,
    7.998455047607422,
    7.56613302230835,
    13.286319732666016,
    -8.809829711914062,
    5.41586446762085,
    12.614704132080078,
    19.51329803466797,
    -6.909010410308838,
    6.305593013763428,
    9.470343589782715,
    40.3922119140625,
    11.069397926330566,
    3.3182373046875,
    36.35269546508789,
    3.386078357696533,
    17.83592987060547,
    39.17881774902344,
    -5.819046974182129,
    2.9570508003234863,
    12.14959716796875,
    1.8264079093933105,
    30.118677139282227,
    -7.641501426696777,
    11.809099197387695,
    -8.918194770812988,
    12.293779373168945,
    11.189092636108398,
    -4.104275703430176,
    32.3388786315918,
    8.92711353302002,
    0.4489312171936035,
    2.2005481719970703,
    21.911785125732422,
    -2.3496105670928955,
    10.291837692260742,
    -1.4188389778137207,
    14.822845458984375,
    2.0561723709106445,
    8.35344123840332,
    1.1409258842468262,
    -10.02355670928955,
    12.933223724365234,
    41.5321044921875,
    31.28974151611328,
    15.725931167602539,
    23.186372756958008,
    0.03209638595581055,
    -9.95604133605957,
    -6.397920608520508,
    -7.976300239562988,
    8.945577621459961,
    -4.002445220947266,
    -9.280454635620117,
    -3.2463626861572266,
    -9.532526969909668,
    -5.871518135070801,
    42.4554328918457,
    4.715798854827881,
    25.195968627929688,
    18.62505340576172,
    11.471126556396484,
    31.683258056640625,
    -10.520928382873535,
    29.217090606689453,
    -6.938734531402588,
    -5.3341450691223145,
    -5.230262756347656,
    6.075546741485596,
    31.793458938598633,
    -7.114784240722656,
    -1.4969604015350342,
    3.019411087036133,
    -5.509208679199219,
    17.020675659179688,
    15.677847862243652,
    26.03073501586914,
    9.663454055786133,
    9.112142562866211,
    -5.435084819793701,
    20.27094078063965,
    11.361534118652344,
    -5.034554481506348,
    25.416912078857422,
    6.901655673980713,
    -8.320247650146484,
    23.875885009765625,
    15.544307708740234,
    -1.4247915744781494,
    -0.590111255645752,
    -6.570070266723633,
    -7.444632053375244,
    -10.082712173461914,
    10.120549201965332,
    29.802642822265625,
    11.57418441772461,
    -0.7264184951782227,
    -6.040017127990723,
    28.923980712890625,
    22.676313400268555,
    26.005815505981445,
    28.427783966064453,
    -1.7384910583496094,
    7.822422504425049,
    14.079997062683105,
    3.523829460144043,
    23.359039306640625,
    28.115188598632812,
    -6.090424537658691,
    15.395718574523926,
    31.546371459960938,
    -0.6720762252807617,
    32.75067901611328,
    7.21749210357666,
    -11.810844421386719,
    3.9459643363952637,
    20.82180404663086,
    -6.259397506713867,
    10.433320999145508,
    2.9191460609436035,
    21.85732650756836,
    21.65127182006836,
    3.6369848251342773,
    10.624916076660156,
    13.62293815612793,
    -8.117176055908203,
    28.969684600830078,
    43.881710052490234,
    5.475346088409424,
    15.010154724121094,
    -10.77332878112793,
    6.298703670501709,
    54.37342834472656,
    13.299543380737305,
    -2.199704170227051,
    17.170032501220703,
    14.510940551757812,
    14.440247535705566,
    17.017478942871094,
    18.14781379699707,
    46.49341583251953,
    9.614415168762207,
    34.05338668823242,
    10.97255802154541,
    -0.9494657516479492,
    22.957353591918945,
    60.193729400634766,
    31.513587951660156,
    -4.975188255310059,
