{
  "algorithm": "SAC",
  "timestamp": "20251130_070948",
  "total_timesteps": 10000,
  "total_time_seconds": 1077.4453601837158,
  "total_time_minutes": 17.957422669728597,
  "average_sps": 9,
  "final_avg_reward": 168.2564483642578,
  "final_avg_length": 177.28,
  "total_episodes": 100,
  "final_alpha": 0.3204028606414795,
  "all_episode_rewards": [
    69.56424713134766,
    111.07365417480469,
    142.28460693359375,
    142.0232696533203,
    147.4231719970703,
    228.06954956054688,
    90.75602722167969,
    230.18234252929688,
    293.23529052734375,
    290.3190612792969,
    117.81562042236328,
    268.5854797363281,
    105.75186920166016,
    153.40553283691406,
    96.13954162597656,
    115.40771484375,
    88.48070526123047,
    77.53002166748047,
    191.32467651367188,
    282.62078857421875,
    116.13347625732422,
    244.3264923095703,
    260.9755859375,
    154.80735778808594,
    110.04924011230469,
    145.4397735595703,
    82.14630889892578,
    172.48175048828125,
    289.63275146484375,
    182.92202758789062,
    102.72430419921875,
    291.88470458984375,
    225.84535217285156,
    189.07183837890625,
    163.25172424316406,
    162.69908142089844,
    237.93038940429688,
    136.333984375,
    127.72666931152344,
    166.230224609375,
    293.46502685546875,
    145.5592041015625,
    89.66494750976562,
    152.69970703125,
    292.2687072753906,
    148.87802124023438,
    180.8745574951172,
    137.7427520751953,
    165.52484130859375,
    126.61027526855469,
    186.14974975585938,
    114.350830078125,
    133.2352752685547,
    232.24183654785156,
    147.15927124023438,
    191.91278076171875,
    78.7092514038086,
    173.08160400390625,
    178.92013549804688,
    132.99383544921875,
    274.03826904296875,
    199.3561553955078,
    112.88478088378906,
    112.43177032470703,
    180.2112274169922,
    82.17481994628906,
    149.8970489501953,
    152.15919494628906,
    135.54820251464844,
    259.7937316894531,
    145.01124572753906,
    85.90609741210938,
    293.7384338378906,
    142.68272399902344,
    196.6427001953125,
    105.65007019042969,
    145.6805419921875,
    245.10162353515625,
    120.1305923461914,
    225.75477600097656,
    155.57861328125,
    292.19696044921875,
    165.91275024414062,
    131.40838623046875,
    231.88821411132812,
    82.19207000732422,
    253.54412841796875,
    149.3175811767578,
    87.49925994873047,
    192.37045288085938,
    143.87530517578125,
    149.97023010253906,
    112.43082427978516,
    104.37946319580078,
    108.11412811279297,
    195.63807678222656,
    169.2852020263672,
    90.48090362548828,
    245.83998107910156,
    292.27947998046875
  ],
  "all_episode_lengths": [
    79.0,
    120.0,
    150.0,
    150.0,
    156.0,
    239.0,
    100.0,
    241.0,
    299.0,
    299.0,
    127.0,
    280.0,
    116.0,
    162.0,
    106.0,
    125.0,
    99.0,
    88.0,
    200.0,
    294.0,
    125.0,
    255.0,
    271.0,
    164.0,
    119.0,
    154.0,
    93.0,
    181.0,
    299.0,
    193.0,
    111.0,
    299.0,
    234.0,
    198.0,
    173.0,
    173.0,
    247.0,
    145.0,
    136.0,
    175.0,
    299.0,
    154.0,
    98.0,
    162.0,
    299.0,
    157.0,
    188.0,
    147.0,
    173.0,
    134.0,
    195.0,
    124.0,
    142.0,
    241.0,
    156.0,
    201.0,
    90.0,
    183.0,
    188.0,
    142.0,
    282.0,
    208.0,
    122.0,
    121.0,
    189.0,
    92.0,
    157.0,
    160.0,
    144.0,
    270.0,
    153.0,
    97.0,
    299.0,
    151.0,
    206.0,
    114.0,
    154.0,
    256.0,
    129.0,
    236.0,
    165.0,
    299.0,
    176.0,
    139.0,
    242.0,
    92.0,
    263.0,
    159.0,
    98.0,
    202.0,
    153.0,
    159.0,
    123.0,
    115.0,
    117.0,
    206.0,
    178.0,
    99.0,
    256.0,
    299.0
  ],
  "hyperparameters": {
    "learning_rate": 0.0003,
    "num_envs": 128,
    "buffer_size": 1000000,
    "gamma": 0.99,
    "tau": 0.005,
    "alpha": "auto"
  }
}